,Confound,Conf_time_point,Model,h5name,Accuracy BL,Std-Dev BL,Accuracy CB,Std-Dev CB,Accuracy Diff CB - BL,Std-Dev Diff CB - BL,h5cat,category,abs_diff,rank
104,Comp_sub_abuse_lftFU3,BL,SVM-rbf,posthoc-cc3-h5causal0-Comp_sub_abuse_lftFU3,65.31135830530992,6.4105673663329785,65.82801839858291,6.0860493716964355,0.5166600932729803,5.810474461202916,h5causal0,Addiction-related,0.5166600932729803,103
308,Drugs_lastmnt_TLFBFU3,BL,SVM-rbf,posthoc-cc3-h5causal0-Drugs_lastmnt_TLFBFU3,61.93701618578466,5.080653407115055,64.0622149242839,6.320150751531786,2.1251987384992344,3.3992065445003647,h5causal0,Addiction-related,2.1251987384992344,113
203,Eating_behavior_cog_retrstraintFU3,BL,SVM-rbf,posthoc-cc3-h5causal0-Eating_behavior_cog_retrstraintFU3,61.650992685475444,7.708676586236615,59.200467020664064,9.15044888690278,-2.450525664811387,4.295018365046668,h5causal0,Addiction-related,2.450525664811387,36
209,Eating_behavior_emotional_eatingFU3,BL,SVM-rbf,posthoc-cc3-h5causal0-Eating_behavior_emotional_eatingFU3,61.650992685475444,7.708676586236615,60.191019981660375,7.809090356983372,-1.4599727038150712,4.360410733310398,h5causal0,Addiction-related,1.4599727038150712,55
26,Eating_behavior_uncontrolled_eatingFU3,BL,SVM-rbf,posthoc-cc3-h5causal0-Eating_behavior_uncontrolled_eatingFU3,61.650992685475444,7.708676586236615,55.17934446505875,7.430372216704873,-6.471648220416704,6.6061385755093935,h5causal0,Addiction-related,6.471648220416704,3
92,Eating_disorder_eat_concernFU3,BL,SVM-rbf,posthoc-cc3-h5causal0-Eating_disorder_eat_concernFU3,61.650992685475444,7.708676586236615,61.59794638858678,5.977565270812843,-0.05304629688867024,3.0979290503655816,h5causal0,Addiction-related,0.05304629688867024,90
239,Eating_disorder_restraintFU3,BL,SVM-rbf,posthoc-cc3-h5causal0-Eating_disorder_restraintFU3,61.650992685475444,7.708676586236615,60.81371420041371,8.447793551148406,-0.8372784850617321,4.198529312975876,h5causal0,Addiction-related,0.8372784850617321,74
146,Eating_disorder_shape_concernFU3,BL,SVM-rbf,posthoc-cc3-h5causal0-Eating_disorder_shape_concernFU3,61.650992685475444,7.708676586236615,65.18510225406777,3.946772298656708,3.534109568592325,6.631879063245869,h5causal0,Addiction-related,3.534109568592325,118
287,Eating_disorder_weight_concernFU3,BL,SVM-rbf,posthoc-cc3-h5causal0-Eating_disorder_weight_concernFU3,61.650992685475444,7.708676586236615,61.277802657113,5.793324360033718,-0.37319002836244675,4.491128284448075,h5causal0,Addiction-related,0.37319002836244675,85
59,Smoking_lifetimeFU3,BL,SVM-rbf,posthoc-cc3-h5causal0-Smoking_lifetimeFU3,65.31135830530992,6.4105673663329785,60.98234611339449,8.759542018148935,-4.329012191915438,4.922475460714852,h5causal0,Addiction-related,4.329012191915438,7
68,Tobacco_lastmnt_TLFBFU3,BL,SVM-rbf,posthoc-cc3-h5causal0-Tobacco_lastmnt_TLFBFU3,61.93701618578466,5.080653407115055,63.14182761227096,4.0902312165086006,1.2048114264863075,2.3874019809870624,h5causal0,Addiction-related,1.2048114264863075,108
179,Video_gaming_addictionFU3,BL,SVM-rbf,posthoc-cc3-h5causal0-Video_gaming_addictionFU3,61.650992685475444,7.708676586236615,60.6956262128676,9.737707546298022,-0.9553664726078437,6.024563549178132,h5causal0,Addiction-related,0.9553664726078437,71
167,Age_first_drunkFU3,BL,SVM-rbf,posthoc-cc3-h5causal0-Age_first_drunkFU3,65.43466400897276,6.059010021616026,63.490463389656945,4.39833640905818,-1.9442006193158168,5.41142877034712,h5causal0,Alcohol,1.9442006193158168,43
296,Alc-last12mnt,BL,SVM-rbf,posthoc-cc3-h5causal0-Alc-last12mnt,65.31135830530992,6.4105673663329785,62.09219011638367,6.767529192056779,-3.219168188926258,5.356670933570051,h5causal0,Alcohol,3.219168188926258,19
32,Alc-last12mntFU3,BL,SVM-rbf,posthoc-cc3-h5causal0-Alc-last12mntFU3,65.31135830530992,6.4105673663329785,61.67056313225668,6.718397403991551,-3.640795173053246,2.7259265184144033,h5causal0,Alcohol,3.640795173053246,13
143,Alc-lastmnt,BL,SVM-rbf,posthoc-cc3-h5causal0-Alc-lastmnt,65.31135830530992,6.4105673663329785,65.75411096580451,4.764123662274434,0.44275266049458306,3.1660548047855217,h5causal0,Alcohol,0.44275266049458306,100
218,Alc-lastmntFU3,BL,SVM-rbf,posthoc-cc3-h5causal0-Alc-lastmntFU3,65.31135830530992,6.4105673663329785,57.095697367874784,2.9792808616329776,-8.215660937435143,5.879379249297616,h5causal0,Alcohol,8.215660937435143,0
269,Alc_lastmnt_TLFB,BL,SVM-rbf,posthoc-cc3-h5causal0-Alc_lastmnt_TLFB,64.50568079600338,6.8404333353415305,61.78734033572743,4.52878187514011,-2.7183404602759476,5.48692329378439,h5causal0,Alcohol,2.7183404602759476,27
332,Alc_lastmnt_TLFBFU3,BL,SVM-rbf,posthoc-cc3-h5causal0-Alc_lastmnt_TLFBFU3,61.93701618578466,5.080653407115055,58.78293846274142,7.33034345230813,-3.154077723043236,3.8806251685227284,h5causal0,Alcohol,3.154077723043236,21
317,Alcohol_problem_indexFU3,BL,SVM-rbf,posthoc-cc3-h5causal0-Alcohol_problem_indexFU3,65.31135830530992,6.4105673663329785,57.14465185231315,4.743398733561513,-8.166706452996774,5.3961524696027325,h5causal0,Alcohol,8.166706452996774,1
341,Alcoholism_screening_parent,BL,SVM-rbf,posthoc-cc3-h5causal0-Alcoholism_screening_parent,66.12103174603173,7.7867876101008875,66.20343701996929,3.6699824523938744,0.08240527393754693,6.437450388300646,h5causal0,Alcohol,0.08240527393754693,94
149,Conformity_drinking_motiveFU3,BL,SVM-rbf,posthoc-cc3-h5causal0-Conformity_drinking_motiveFU3,65.31135830530992,6.4105673663329785,61.360056773363226,5.192540387003252,-3.951301531946705,5.6179858938862575,h5causal0,Alcohol,3.951301531946705,9
152,Coping_drinking_motiveFU3,BL,SVM-rbf,posthoc-cc3-h5causal0-Coping_drinking_motiveFU3,65.31135830530992,6.4105673663329785,64.72418559112107,6.1973138381318185,-0.587172714188855,3.102885785178877,h5causal0,Alcohol,0.587172714188855,81
245,Enhancement_drinking_motiveFU3,BL,SVM-rbf,posthoc-cc3-h5causal0-Enhancement_drinking_motiveFU3,65.31135830530992,6.4105673663329785,61.98967544733674,6.5730352316592455,-3.321682857973196,8.122275644774499,h5causal0,Alcohol,3.321682857973196,17
320,Social_drinking_motiveFU3,BL,SVM-rbf,posthoc-cc3-h5causal0-Social_drinking_motiveFU3,65.31135830530992,6.4105673663329785,64.26368044311593,7.665575735785413,-1.0476778621939964,4.6503495661398535,h5causal0,Alcohol,1.0476778621939964,68
206,Accident_freq,BL,SVM-rbf,posthoc-cc3-h5causal0-Accident_freq,68.52189397264283,8.166247221011963,66.02273974105772,8.089368415738225,-2.499154231585099,7.30689568300239,h5causal0,Biographic,2.499154231585099,35
338,Accident_val,BL,SVM-rbf,posthoc-cc3-h5causal0-Accident_val,68.52189397264283,8.166247221011963,65.05300910686856,9.769354858947949,-3.468884865774269,3.637039164903131,h5causal0,Biographic,3.468884865774269,16
71,Accident_valFU3,BL,SVM-rbf,posthoc-cc3-h5causal0-Accident_valFU3,65.31135830530992,6.4105673663329785,64.6207627558434,6.007284246899506,-0.6905955494665217,3.067958595351843,h5causal0,Biographic,0.6905955494665217,76
53,Autonomy_freq,BL,SVM-rbf,posthoc-cc3-h5causal0-Autonomy_freq,68.52189397264283,8.166247221011963,64.2770965913247,7.743141499109492,-4.244797381318122,3.7568351867732774,h5causal0,Biographic,4.244797381318122,8
281,Autonomy_freqFU3,BL,SVM-rbf,posthoc-cc3-h5causal0-Autonomy_freqFU3,65.31135830530992,6.4105673663329785,64.11102202432846,5.443947046111507,-1.2003362809814622,6.2633172899810505,h5causal0,Biographic,1.2003362809814622,64
323,Autonomy_val,BL,SVM-rbf,posthoc-cc3-h5causal0-Autonomy_val,68.52189397264283,8.166247221011963,65.4256958159608,3.686358036645333,-3.0961981566820285,4.844540334124888,h5causal0,Biographic,3.0961981566820285,22
23,Autonomy_valFU3,BL,SVM-rbf,posthoc-cc3-h5causal0-Autonomy_valFU3,65.31135830530992,6.4105673663329785,63.315165684117304,5.238212457606342,-1.9961926211926273,6.438523733452714,h5causal0,Biographic,1.9961926211926273,41
197,Deviance_freq,BL,SVM-rbf,posthoc-cc3-h5causal0-Deviance_freq,68.52189397264283,8.166247221011963,68.07212804476629,7.058925754982169,-0.44976592787653313,3.003801109672204,h5causal0,Biographic,0.44976592787653313,84
359,Deviance_freqFU3,BL,SVM-rbf,posthoc-cc3-h5causal0-Deviance_freqFU3,65.31135830530992,6.4105673663329785,63.04152654959106,7.465575031666422,-2.269831755718865,5.113569132035328,h5causal0,Biographic,2.269831755718865,39
293,Deviance_val,BL,SVM-rbf,posthoc-cc3-h5causal0-Deviance_val,68.52189397264283,8.166247221011963,67.12827335235168,5.679195416333344,-1.393620620291136,4.31665086674309,h5causal0,Biographic,1.393620620291136,56
302,Deviance_valFU3,BL,SVM-rbf,posthoc-cc3-h5causal0-Deviance_valFU3,65.31135830530992,6.4105673663329785,65.63258967492838,5.03889726678199,0.32123136961845766,3.015425306579552,h5causal0,Biographic,0.32123136961845766,97
134,Distress_freq,BL,SVM-rbf,posthoc-cc3-h5causal0-Distress_freq,68.52189397264283,8.166247221011963,65.5152329749104,9.30071716899925,-3.0066609977324243,2.2613227140169707,h5causal0,Biographic,3.0066609977324243,23
14,Distress_freqFU3,BL,SVM-rbf,posthoc-cc3-h5causal0-Distress_freqFU3,65.31135830530992,6.4105673663329785,64.0431257870774,6.730371340779129,-1.268232518232526,3.567735431317323,h5causal0,Biographic,1.268232518232526,59
50,Distress_val,BL,SVM-rbf,posthoc-cc3-h5causal0-Distress_val,68.52189397264283,8.166247221011963,67.02826695194206,7.996191240456089,-1.4936270207007607,3.2260752193339624,h5causal0,Biographic,1.4936270207007607,54
326,Distress_valFU3,BL,SVM-rbf,posthoc-cc3-h5causal0-Distress_valFU3,65.31135830530992,6.4105673663329785,64.24305209587467,6.22599842606527,-1.0683062094352547,2.205693714055309,h5causal0,Biographic,1.0683062094352547,67
38,Family_freq,BL,SVM-rbf,posthoc-cc3-h5causal0-Family_freq,68.52189397264283,8.166247221011963,66.87778874990856,5.9027660389518575,-1.64410522273426,6.2234311978974075,h5causal0,Biographic,1.64410522273426,52
257,Family_freqFU3,BL,SVM-rbf,posthoc-cc3-h5causal0-Family_freqFU3,65.31135830530992,6.4105673663329785,64.52004279625247,7.095598697522511,-0.7913155090574553,5.12803879034179,h5causal0,Biographic,0.7913155090574553,75
158,Family_val,BL,SVM-rbf,posthoc-cc3-h5causal0-Family_val,68.52189397264283,8.166247221011963,65.60250713188502,5.490563118961993,-2.9193868407578094,5.6935750541486385,h5causal0,Biographic,2.9193868407578094,25
8,Family_valFU3,BL,SVM-rbf,posthoc-cc3-h5causal0-Family_valFU3,65.31135830530992,6.4105673663329785,61.543679336018066,7.417674145214541,-3.7676789692918655,2.4736517341863,h5causal0,Biographic,3.7676789692918655,11
212,Relocation_freq,BL,SVM-rbf,posthoc-cc3-h5causal0-Relocation_freq,68.52189397264283,8.166247221011963,65.9808627752176,4.346406612119658,-2.541031197425214,5.380589930426705,h5causal0,Biographic,2.541031197425214,34
161,Relocation_freqFU3,BL,SVM-rbf,posthoc-cc3-h5causal0-Relocation_freqFU3,65.31135830530992,6.4105673663329785,64.72652087571443,4.799039955529528,-0.5848374295955083,4.433569402695658,h5causal0,Biographic,0.5848374295955083,82
311,Relocation_val,BL,SVM-rbf,posthoc-cc3-h5causal0-Relocation_val,68.52189397264283,8.166247221011963,66.745048825982,8.287681215160504,-1.7768451466608215,3.124581831394266,h5causal0,Biographic,1.7768451466608215,47
299,Relocation_valFU3,BL,SVM-rbf,posthoc-cc3-h5causal0-Relocation_valFU3,65.31135830530992,6.4105673663329785,66.07501799034056,4.673797721292745,0.7636596850306265,7.590085920445472,h5causal0,Biographic,0.7636596850306265,105
29,Sexuality_freq,BL,SVM-rbf,posthoc-cc3-h5causal0-Sexuality_freq,68.52189397264283,8.166247221011963,65.80018835491185,8.399407073500292,-2.721705617730963,5.860387419808659,h5causal0,Biographic,2.721705617730963,26
113,Sexuality_freqFU3,BL,SVM-rbf,posthoc-cc3-h5causal0-Sexuality_freqFU3,65.31135830530992,6.4105673663329785,60.954517305323755,4.241337387157616,-4.3568409999861775,3.343795249727896,h5causal0,Biographic,4.3568409999861775,6
230,Sexuality_val,BL,SVM-rbf,posthoc-cc3-h5causal0-Sexuality_val,68.52189397264283,8.166247221011963,68.78284781654598,5.153596959444413,0.26095384390315557,5.020181883960224,h5causal0,Biographic,0.26095384390315557,96
98,Sexuality_valFU3,BL,SVM-rbf,posthoc-cc3-h5causal0-Sexuality_valFU3,65.31135830530992,6.4105673663329785,65.66344570376829,8.294921376988741,0.3520873984583561,4.119642511127599,h5causal0,Biographic,0.3520873984583561,98
263,Total_freq,BL,SVM-rbf,posthoc-cc3-h5causal0-Total_freq,68.52189397264283,8.166247221011963,66.85698741862336,4.7819197548358545,-1.664906554019463,4.117809553316705,h5causal0,Biographic,1.664906554019463,51
17,Total_freqFU3,BL,SVM-rbf,posthoc-cc3-h5causal0-Total_freqFU3,65.31135830530992,6.4105673663329785,64.07631710051065,4.34037074766225,-1.235041204799281,4.957483784163736,h5causal0,Biographic,1.235041204799281,63
89,Total_val,BL,SVM-rbf,posthoc-cc3-h5causal0-Total_val,68.52189397264283,8.166247221011963,68.42762508229097,6.166602787401021,-0.09426889035184516,4.776353508096837,h5causal0,Biographic,0.09426889035184516,88
254,Total_valFU3,BL,SVM-rbf,posthoc-cc3-h5causal0-Total_valFU3,65.31135830530992,6.4105673663329785,63.805337595660184,6.487329492600787,-1.5060207096497469,2.5247425588518597,h5causal0,Biographic,1.5060207096497469,53
56,AnxietyFU3,BL,SVM-rbf,posthoc-cc3-h5causal0-AnxietyFU3,66.7542608441226,2.498896043114602,65.39689397264283,3.4664160648224835,-1.3573668714797815,2.0466586214729636,h5causal0,Comorbid,1.3573668714797815,57
140,Anxiety_BSIFU3,BL,SVM-rbf,posthoc-cc3-h5causal0-Anxiety_BSIFU3,63.31815521907688,7.550863969504674,64.93012124204522,7.5396555241611125,1.6119660229683364,4.845887001324443,h5causal0,Comorbid,1.6119660229683364,111
182,Depression_BSIFU3,BL,SVM-rbf,posthoc-cc3-h5causal0-Depression_BSIFU3,63.31815521907688,7.550863969504674,64.72117072635506,6.573191869453186,1.4030155072781825,6.657051592236933,h5causal0,Comorbid,1.4030155072781825,109
11,Depression_CESDFU3,BL,SVM-rbf,posthoc-cc3-h5causal0-Depression_CESDFU3,65.62820020481311,5.580979255524088,65.70340501792114,4.449872733825919,0.07520481310803184,2.506517263206373,h5causal0,Comorbid,0.07520481310803184,93
137,Depression_K6+FU3,BL,SVM-rbf,posthoc-cc3-h5causal0-Depression_K6+FU3,66.7542608441226,2.498896043114602,65.88666246068318,3.79820080885229,-0.8675983834394163,4.685668378727989,h5causal0,Comorbid,0.8675983834394163,73
329,GSI_BSIFU3,BL,SVM-rbf,posthoc-cc3-h5causal0-GSI_BSIFU3,63.31815521907688,7.550863969504674,65.61263349425792,7.163294878375074,2.2944782751810444,6.919030954712056,h5causal0,Comorbid,2.2944782751810444,115
194,Hostility_BSIFU3,BL,SVM-rbf,posthoc-cc3-h5causal0-Hostility_BSIFU3,63.31815521907688,7.550863969504674,65.27722917123839,4.882794653921431,1.9590739521615053,7.236198009981516,h5causal0,Comorbid,1.9590739521615053,112
47,Interpers_sensitivity_BSIFU3,BL,SVM-rbf,posthoc-cc3-h5causal0-Interpers_sensitivity_BSIFU3,63.31815521907688,7.550863969504674,64.47251481237657,8.863505158270696,1.154359593299692,6.974445714164476,h5causal0,Comorbid,1.154359593299692,106
242,Obsession_compulsion_BSIFU3,BL,SVM-rbf,posthoc-cc3-h5causal0-Obsession_compulsion_BSIFU3,63.31815521907688,7.550863969504674,62.66245611147685,6.8027732511872285,-0.6556991076000274,5.69057256039094,h5causal0,Comorbid,0.6556991076000274,77
272,Paranoid_ideation_BSIFU3,BL,SVM-rbf,posthoc-cc3-h5causal0-Paranoid_ideation_BSIFU3,63.31815521907688,7.550863969504674,63.96411656060273,4.994652637769632,0.645961341525858,7.269068259449312,h5causal0,Comorbid,0.645961341525858,104
77,Phobic_anxiety_BSIFU3,BL,SVM-rbf,posthoc-cc3-h5causal0-Phobic_anxiety_BSIFU3,63.31815521907688,7.550863969504674,64.83338362226611,5.5039877801379715,1.5152284031892282,6.626850085665733,h5causal0,Comorbid,1.5152284031892282,110
335,Psychiatric_symptoms_PHQFU3,BL,SVM-rbf,posthoc-cc3-h5causal0-Psychiatric_symptoms_PHQFU3,63.22503840245774,5.272021626840244,59.42665130568356,6.705709812941597,-3.7983870967741806,6.189103062972161,h5causal0,Comorbid,3.7983870967741806,10
305,Psychotic_experienceFU3,BL,SVM-rbf,posthoc-cc3-h5causal0-Psychotic_experienceFU3,69.54109062980031,5.036308417232871,66.86818813546924,4.085236087080698,-2.672902494331064,3.151475307989461,h5causal0,Comorbid,2.672902494331064,31
200,Psychoticism_BSIFU3,BL,SVM-rbf,posthoc-cc3-h5causal0-Psychoticism_BSIFU3,63.31815521907688,7.550863969504674,67.09512837393021,5.471563395785803,3.7769731548533247,6.421137746887812,h5causal0,Comorbid,3.7769731548533247,119
44,RuminationFU3,BL,SVM-rbf,posthoc-cc3-h5causal0-RuminationFU3,63.03094905673869,7.846333282418113,65.2592228113816,6.836719950749136,2.2282737546429066,6.390152486616618,h5causal0,Comorbid,2.2282737546429066,114
221,SomatizationFU3,BL,SVM-rbf,posthoc-cc3-h5causal0-SomatizationFU3,63.03094905673869,7.846333282418113,61.79258537270707,6.403620265457373,-1.2383636840316181,3.7199619041662726,h5causal0,Comorbid,1.2383636840316181,62
356,Somatization_BSIFU3,BL,SVM-rbf,posthoc-cc3-h5causal0-Somatization_BSIFU3,63.31815521907688,7.550863969504674,66.19534507351327,4.906936750877289,2.8771898544363905,4.0156239903812025,h5causal0,Comorbid,2.8771898544363905,117
344,StressFU3,BL,SVM-rbf,posthoc-cc3-h5causal0-StressFU3,66.7542608441226,2.498896043114602,64.50936288493892,4.592900632359379,-2.244897959183678,2.7749019526409886,h5causal0,Comorbid,2.244897959183678,40
191,Well_beingFU3,BL,SVM-rbf,posthoc-cc3-h5causal0-Well_beingFU3,66.7542608441226,2.498896043114602,65.47696766878795,3.861693631554371,-1.2772931753346484,4.091625921629632,h5causal0,Comorbid,1.2772931753346484,58
224,AUDIT_parent,BL,SVM-rbf,posthoc-cc3-h5causal0-AUDIT_parent,65.8858166922683,7.211627922335112,64.11370327700972,8.024523765592951,-1.7721134152585805,3.9305564869574288,h5causal0,Familial risk,1.7721134152585805,49
266,Conflict_tactics_parent_mean_negotiation,BL,SVM-rbf,posthoc-cc3-h5causal0-Conflict_tactics_parent_mean_negotiation,64.75925316363103,10.32966039135475,63.73918787945285,5.948933294529714,-1.0200652841781843,5.400027186031088,h5causal0,Familial risk,1.0200652841781843,70
347,Conflict_tactics_parent_mean_psych_aggr,BL,SVM-rbf,posthoc-cc3-h5causal0-Conflict_tactics_parent_mean_psych_aggr,64.75925316363103,10.32966039135475,62.10242026918296,6.027561803348039,-2.65683289444808,5.992878629736377,h5causal0,Familial risk,2.65683289444808,32
248,Drug_abuse_screening_parent,BL,SVM-rbf,posthoc-cc3-h5causal0-Drug_abuse_screening_parent,65.8858166922683,7.211627922335112,62.405593958013306,7.722867480779555,-3.4802227342550007,4.886757851617667,h5causal0,Familial risk,3.4802227342550007,14
314,Fam_hist_psych_disorders_parent,BL,SVM-rbf,posthoc-cc3-h5causal0-Fam_hist_psych_disorders_parent,65.31135830530992,6.4105673663329785,63.32772865030929,6.298372656378392,-1.9836296550006405,5.819053315140266,h5causal0,Familial risk,1.9836296550006405,42
185,PBQ_unpres_meds,BL,SVM-rbf,posthoc-cc3-h5causal0-PBQ_unpres_meds,65.42378666762903,3.799525379399448,62.71224670239448,1.9989589367758398,-2.711539965234544,4.421644024769434,h5causal0,Familial risk,2.711539965234544,28
227,Physical_developmet,BL,SVM-rbf,posthoc-cc3-h5causal0-Physical_developmet,66.90624956753989,4.836398393627764,66.60798182975601,4.609405549556491,-0.29826773778387494,2.427469257296683,h5causal0,Health,0.29826773778387494,86
173,Physical_health_conditionsFU3,BL,SVM-rbf,posthoc-cc3-h5causal0-Physical_health_conditionsFU3,66.7542608441226,2.498896043114602,66.11934020920197,4.9385734039509455,-0.6349206349206327,3.276606141483998,h5causal0,Health,0.6349206349206327,79
275,QOL_activity_limitation_daysFU3,BL,SVM-rbf,posthoc-cc3-h5causal0-QOL_activity_limitation_daysFU3,66.7542608441226,2.498896043114602,67.2175590666374,2.8836788377687967,0.46329822251479635,2.709045177675439,h5causal0,Health,0.46329822251479635,102
101,QOL_mentally_unhealthy_daysFU3,BL,SVM-rbf,posthoc-cc3-h5causal0-QOL_mentally_unhealthy_daysFU3,66.7542608441226,2.498896043114602,66.80999012508228,4.957083670899269,0.055729280959682104,3.8526358011843524,h5causal0,Health,0.055729280959682104,92
110,QOL_phys_unhealthy_daysFU3,BL,SVM-rbf,posthoc-cc3-h5causal0-QOL_phys_unhealthy_daysFU3,66.7542608441226,2.498896043114602,66.71551550727818,3.4974687320969555,-0.038745336844425715,3.861312672473512,h5causal0,Health,0.038745336844425715,91
95,QOL_self-rated_healthFU3,BL,SVM-rbf,posthoc-cc3-h5causal0-QOL_self-rated_healthFU3,66.7542608441226,2.498896043114602,69.05900263331138,5.200891056752333,2.30474178918878,3.2540644581712512,h5causal0,Health,2.30474178918878,116
131,Agreeableness,BL,SVM-rbf,posthoc-cc3-h5causal0-Agreeableness,65.31135830530992,6.4105673663329785,62.76535752342204,4.352074373246085,-2.5460007818878916,3.1162800003167876,h5causal0,Personality,2.5460007818878916,33
164,AgreeablenessFU3,BL,SVM-rbf,posthoc-cc3-h5causal0-AgreeablenessFU3,67.12589605734767,7.026263630396863,63.653673835125446,8.223696183867682,-3.472222222222232,3.4226789543104688,h5causal0,Personality,3.472222222222232,15
290,Anxiety_sensitivity,BL,SVM-rbf,posthoc-cc3-h5causal0-Anxiety_sensitivity,66.87470160252418,6.645272979130618,64.48183494554462,7.125732539018021,-2.3928666569795753,5.092089309565967,h5causal0,Personality,2.3928666569795753,37
278,Anxiety_sensitivityFU3,BL,SVM-rbf,posthoc-cc3-h5causal0-Anxiety_sensitivityFU3,67.5251216077829,3.817341287040267,65.7746095750128,4.413423224270864,-1.7505120327701018,2.4840033084247417,h5causal0,Personality,1.7505120327701018,50
83,Conscientiousness,BL,SVM-rbf,posthoc-cc3-h5causal0-Conscientiousness,65.31135830530992,6.4105673663329785,64.68076659608919,4.268952969353946,-0.6305917092207514,5.375690578420649,h5causal0,Personality,0.6305917092207514,80
284,ConscientiousnessFU3,BL,SVM-rbf,posthoc-cc3-h5causal0-ConscientiousnessFU3,67.12589605734767,7.026263630396863,62.23918330773169,7.30612555647204,-4.886712749615985,6.3576869980090285,h5causal0,Personality,4.886712749615985,5
65,Extroversion,BL,SVM-rbf,posthoc-cc3-h5causal0-Extroversion,65.31135830530992,6.4105673663329785,65.4090510441317,5.4985573477098875,0.0976927388217641,4.681118620005581,h5causal0,Personality,0.0976927388217641,95
74,ExtroversionFU3,BL,SVM-rbf,posthoc-cc3-h5causal0-ExtroversionFU3,67.12589605734767,7.026263630396863,65.86101510496673,4.365819061382776,-1.2648809523809534,6.312949995893097,h5causal0,Personality,1.2648809523809534,60
2,Hopelessness,BL,SVM-rbf,posthoc-cc3-h5causal0-Hopelessness,66.87470160252418,6.645272979130618,64.98074255130707,7.624517194820523,-1.89395905121712,2.6651878208405893,h5causal0,Personality,1.89395905121712,44
353,HopelessnessFU3,BL,SVM-rbf,posthoc-cc3-h5causal0-HopelessnessFU3,67.5251216077829,3.817341287040267,64.34731822836662,4.207418035296645,-3.1778033794162774,4.795733837401548,h5causal0,Personality,3.1778033794162774,20
116,Impulsivity_BISFU3,BL,SVM-rbf,posthoc-cc3-h5causal0-Impulsivity_BISFU3,66.7542608441226,2.498896043114602,63.5307859703021,4.355962559779954,-3.223474873820509,2.647913830954862,h5causal0,Personality,3.223474873820509,18
350,Impulsivity_SURPS,BL,SVM-rbf,posthoc-cc3-h5causal0-Impulsivity_SURPS,66.87470160252418,6.645272979130618,65.84527355696711,6.300520718278727,-1.0294280455570792,4.114593349109896,h5causal0,Personality,1.0294280455570792,69
80,Impulsivity_SURPSFU3,BL,SVM-rbf,posthoc-cc3-h5causal0-Impulsivity_SURPSFU3,67.5251216077829,3.817341287040267,66.28504224270354,5.071102573708701,-1.2400793650793607,3.727279910500039,h5causal0,Personality,1.2400793650793607,61
122,Negative_affectFU3,BL,SVM-rbf,posthoc-cc3-h5causal0-Negative_affectFU3,66.7542608441226,2.498896043114602,66.24887992831542,3.889727938100593,-0.5053809158071854,3.6842685653706337,h5causal0,Personality,0.5053809158071854,83
260,Neuroticism,BL,SVM-rbf,posthoc-cc3-h5causal0-Neuroticism,65.31135830530992,6.4105673663329785,62.38861989870055,4.698821509970863,-2.922738406609382,3.1637319306138703,h5causal0,Personality,2.922738406609382,24
5,NeuroticismFU3,BL,SVM-rbf,posthoc-cc3-h5causal0-NeuroticismFU3,67.12589605734767,7.026263630396863,63.366455453148994,7.1661801483989445,-3.7594406041986828,1.9511703245678662,h5causal0,Personality,3.7594406041986828,12
176,Novelty_seeking,BL,SVM-rbf,posthoc-cc3-h5causal0-Novelty_seeking,67.42271505376344,5.858729785788719,62.1311763952893,7.743990612707169,-5.2915386584741375,3.319890754609288,h5causal0,Personality,5.2915386584741375,4
41,Openness,BL,SVM-rbf,posthoc-cc3-h5causal0-Openness,65.31135830530992,6.4105673663329785,62.62039689459045,5.755877323950817,-2.6909614107194835,2.897687308770749,h5causal0,Personality,2.6909614107194835,29
86,OpennessFU3,BL,SVM-rbf,posthoc-cc3-h5causal0-OpennessFU3,67.12589605734767,7.026263630396863,65.34658218125962,7.187860020258648,-1.7793138760880622,5.111775240671225,h5causal0,Personality,1.7793138760880622,46
62,Positive_affectFU3,BL,SVM-rbf,posthoc-cc3-h5causal0-Positive_affectFU3,66.7542608441226,2.498896043114602,67.1970091800161,2.6690808138809032,0.4427483358934947,1.5627879154382327,h5causal0,Personality,0.4427483358934947,99
215,Sensation_seeking,BL,SVM-rbf,posthoc-cc3-h5causal0-Sensation_seeking,66.87470160252418,6.645272979130618,59.78464783908334,5.126935437987417,-7.090053763440851,2.7506902167120444,h5causal0,Personality,7.090053763440851,2
128,Sensation_seekingFU3,BL,SVM-rbf,posthoc-cc3-h5causal0-Sensation_seekingFU3,67.5251216077829,3.817341287040267,65.14736943164363,6.118801627703213,-2.3777521761392695,2.80459973868809,h5causal0,Personality,2.3777521761392695,38
170,Bullying,BL,SVM-rbf,posthoc-cc3-h5causal0-Bullying,65.31135830530992,6.4105673663329785,65.08310585931554,5.765317820377123,-0.22825244599439243,6.90377652644126,h5causal0,Social,0.22825244599439243,87
119,Bullying_victim,BL,SVM-rbf,posthoc-cc3-h5causal0-Bullying_victim,65.31135830530992,6.4105673663329785,64.66651703546866,5.183935313199428,-0.6448412698412787,4.257511255239279,h5causal0,Social,0.6448412698412787,78
251,Bullying_victimFU3,BL,SVM-rbf,posthoc-cc3-h5causal0-Bullying_victimFU3,65.31135830530992,6.4105673663329785,62.62943531088692,6.03100305602793,-2.681922994423014,2.3252512685596813,h5causal0,Social,2.681922994423014,30
236,Interpers_perspective_takingFU3,BL,SVM-rbf,posthoc-cc3-h5causal0-Interpers_perspective_takingFU3,63.03094905673869,7.846333282418113,61.155198756618645,6.684816267819513,-1.8757503001200493,4.664033762095154,h5causal0,Social,1.8757503001200493,45
188,Prosocial_behavior,BL,SVM-rbf,posthoc-cc3-h5causal0-Prosocial_behavior,65.31135830530992,6.4105673663329785,64.23433802466062,4.264911181440991,-1.0770202806493212,3.862236389164243,h5causal0,Social,1.0770202806493212,66
233,Prosocial_behaviorFU3,BL,SVM-rbf,posthoc-cc3-h5causal0-Prosocial_behaviorFU3,64.86586570111915,6.235818992200001,64.79530118499012,5.252804061915651,-0.0705645161290347,5.432313026391564,h5causal0,Social,0.0705645161290347,89
155,Social_difficulties,BL,SVM-rbf,posthoc-cc3-h5causal0-Social_difficulties,65.31135830530992,6.4105673663329785,64.223937359018,4.531559897613178,-1.0874209462919282,3.8434195276862995,h5causal0,Social,1.0874209462919282,65
125,Social_difficultiesFU3,BL,SVM-rbf,posthoc-cc3-h5causal0-Social_difficultiesFU3,64.86586570111915,6.235818992200001,63.090232060566166,7.352089002266762,-1.7756336405529871,3.4182587964151905,h5causal0,Social,1.7756336405529871,48
20,Social_difficulties_impact,BL,SVM-rbf,posthoc-cc3-h5causal0-Social_difficulties_impact,65.31135830530992,6.4105673663329785,66.48239541384704,3.0498925616062627,1.1710371085371096,4.209550094021676,h5causal0,Social,1.1710371085371096,107
35,Social_difficulties_impactFU3,BL,SVM-rbf,posthoc-cc3-h5causal0-Social_difficulties_impactFU3,64.86586570111915,6.235818992200001,65.30879690585911,5.266552569164337,0.4429312047399603,4.877256604600308,h5causal0,Social,0.4429312047399603,101
107,UrbanicityFU3,BL,SVM-rbf,posthoc-cc3-h5causal0-UrbanicityFU3,66.7542608441226,2.498896043114602,65.87546174383732,5.04240790113844,-0.8787991002852769,3.6261630348254825,h5causal0,Social,0.8787991002852769,72
188,Comp_sub_abuse_lftFU3,BL,SVM-rbf,posthoc-cc3-h5causal1-Comp_sub_abuse_lftFU3,68.93054970581103,3.731468072745593,67.67177508902247,4.324886393336797,-1.2587746167885605,3.988911619508256,h5causal1,Addiction-related,1.2587746167885605,72
218,Drugs_lastmnt_TLFBFU3,BL,SVM-rbf,posthoc-cc3-h5causal1-Drugs_lastmnt_TLFBFU3,64.64404059231647,6.197891843964829,66.19613455820354,5.5560504162273165,1.5520939658870692,2.227037796377864,h5causal1,Addiction-related,1.5520939658870692,119
77,Eating_behavior_cog_retrstraintFU3,BL,SVM-rbf,posthoc-cc3-h5causal1-Eating_behavior_cog_retrstraintFU3,65.14155401373446,8.139541241905384,64.7721298097238,7.3607360977933505,-0.3694242040106599,2.777401207983616,h5causal1,Addiction-related,0.3694242040106599,97
314,Eating_behavior_emotional_eatingFU3,BL,SVM-rbf,posthoc-cc3-h5causal1-Eating_behavior_emotional_eatingFU3,65.14155401373446,8.139541241905384,63.60790167181144,6.908321062333044,-1.5336523419230197,4.019181727284613,h5causal1,Addiction-related,1.5336523419230197,59
179,Eating_behavior_uncontrolled_eatingFU3,BL,SVM-rbf,posthoc-cc3-h5causal1-Eating_behavior_uncontrolled_eatingFU3,65.14155401373446,8.139541241905384,62.04059053683114,8.44169822730863,-3.100963476903318,5.105224113066403,h5causal1,Addiction-related,3.100963476903318,15
125,Eating_disorder_eat_concernFU3,BL,SVM-rbf,posthoc-cc3-h5causal1-Eating_disorder_eat_concernFU3,65.14155401373446,8.139541241905384,65.04285972331084,7.190967938921666,-0.09869429042361766,3.427171394801519,h5causal1,Addiction-related,0.09869429042361766,103
272,Eating_disorder_restraintFU3,BL,SVM-rbf,posthoc-cc3-h5causal1-Eating_disorder_restraintFU3,65.14155401373446,8.139541241905384,64.38515852049687,8.39300477746395,-0.7563954932375938,2.369821414757878,h5causal1,Addiction-related,0.7563954932375938,86
59,Eating_disorder_shape_concernFU3,BL,SVM-rbf,posthoc-cc3-h5causal1-Eating_disorder_shape_concernFU3,65.14155401373446,8.139541241905384,65.0159988129913,6.943104963498269,-0.12555520074315485,3.0556152115436963,h5causal1,Addiction-related,0.12555520074315485,102
62,Eating_disorder_weight_concernFU3,BL,SVM-rbf,posthoc-cc3-h5causal1-Eating_disorder_weight_concernFU3,65.14155401373446,8.139541241905384,65.51721162623417,6.777671266538072,0.3756576124997135,4.006443085880285,h5causal1,Addiction-related,0.3756576124997135,113
56,Smoking_lifetime,BL,SVM-rbf,posthoc-cc3-h5causal1-Smoking_lifetime,68.93054970581103,3.731468072745593,68.23719544102819,6.518729017414566,-0.6933542647828306,3.911927430352993,h5causal1,Addiction-related,0.6933542647828306,88
221,Smoking_lifetimeFU3,BL,SVM-rbf,posthoc-cc3-h5causal1-Smoking_lifetimeFU3,68.93054970581103,3.731468072745593,63.47476420211612,6.275085221169512,-5.45578550369491,4.019725521263898,h5causal1,Addiction-related,5.45578550369491,3
194,Tobacco_lastmnt_TLFBFU3,BL,SVM-rbf,posthoc-cc3-h5causal1-Tobacco_lastmnt_TLFBFU3,64.64404059231647,6.197891843964829,68.784042663353,6.248302314832213,4.140002071036541,4.136545965418932,h5causal1,Addiction-related,4.140002071036541,120
326,Video_gaming_addictionFU3,BL,SVM-rbf,posthoc-cc3-h5causal1-Video_gaming_addictionFU3,65.02957038671325,3.0864067738702894,63.843537414965986,6.632766141883692,-1.1860329717472529,4.479635134737721,h5causal1,Addiction-related,1.1860329717472529,75
212,Age_first_drunkFU3,BL,SVM-rbf,posthoc-cc3-h5causal1-Age_first_drunkFU3,68.31460042711026,5.416245124444165,65.34123326750054,6.364765755956564,-2.973367159609719,4.349656917209012,h5causal1,Alcohol,2.973367159609719,18
116,Alc-last12mnt,BL,SVM-rbf,posthoc-cc3-h5causal1-Alc-last12mnt,68.93054970581103,3.731468072745593,65.9900479891769,2.1871646622320244,-2.940501716634125,3.0213567629465596,h5causal1,Alcohol,2.940501716634125,20
14,Alc-last12mntFU3,BL,SVM-rbf,posthoc-cc3-h5causal1-Alc-last12mntFU3,68.93054970581103,3.731468072745593,61.22594159615067,3.90765837194114,-7.70460810966036,5.614315844031773,h5causal1,Alcohol,7.70460810966036,1
149,Alc-lastmntFU3,BL,SVM-rbf,posthoc-cc3-h5causal1-Alc-lastmntFU3,68.93054970581103,3.731468072745593,59.6266799402688,5.69986588463633,-9.303869765542228,5.603327178578885,h5causal1,Alcohol,9.303869765542228,0
248,Alc_lastmnt_TLFB,BL,SVM-rbf,posthoc-cc3-h5causal1-Alc_lastmnt_TLFB,69.45981863664791,3.3811052417098133,66.99991065844725,3.0523730228185166,-2.4599079782006594,2.0391204972146224,h5causal1,Alcohol,2.4599079782006594,35
122,Alc_lastmnt_TLFBFU3,BL,SVM-rbf,posthoc-cc3-h5causal1-Alc_lastmnt_TLFBFU3,64.64404059231647,6.197891843964829,60.985258657672446,6.83056130140823,-3.6587819346440176,7.681635569657604,h5causal1,Alcohol,3.6587819346440176,10
308,Alcohol_problem_indexFU3,BL,SVM-rbf,posthoc-cc3-h5causal1-Alcohol_problem_indexFU3,68.93054970581103,3.731468072745593,63.299303774042436,5.560809850318031,-5.631245931768591,5.590645154449711,h5causal1,Alcohol,5.631245931768591,2
71,Alcoholism_screening_parent,BL,SVM-rbf,posthoc-cc3-h5causal1-Alcoholism_screening_parent,69.47996834756417,6.4658470723891845,67.95605671912293,5.417036147071739,-1.5239116284412435,1.4009670617987307,h5causal1,Alcohol,1.5239116284412435,60
26,Conformity_drinking_motiveFU3,BL,SVM-rbf,posthoc-cc3-h5causal1-Conformity_drinking_motiveFU3,68.93054970581103,3.731468072745593,67.50583910862656,6.833912550506738,-1.4247105971844642,4.000890803165031,h5causal1,Alcohol,1.4247105971844642,69
305,Coping_drinking_motiveFU3,BL,SVM-rbf,posthoc-cc3-h5causal1-Coping_drinking_motiveFU3,68.93054970581103,3.731468072745593,64.90440453855088,5.892336140310468,-4.026145167260154,3.325324241181947,h5causal1,Alcohol,4.026145167260154,6
362,Enhancement_drinking_motiveFU3,BL,SVM-rbf,posthoc-cc3-h5causal1-Enhancement_drinking_motiveFU3,68.93054970581103,3.731468072745593,64.81388240099041,4.954977036811646,-4.11666730482062,6.061481295071402,h5causal1,Alcohol,4.11666730482062,5
137,Social_drinking_motiveFU3,BL,SVM-rbf,posthoc-cc3-h5causal1-Social_drinking_motiveFU3,68.93054970581103,3.731468072745593,67.47598945769678,3.944898106295685,-1.454560248114245,1.3645573322512585,h5causal1,Alcohol,1.454560248114245,67
176,Accident_freq,BL,SVM-rbf,posthoc-cc3-h5causal1-Accident_freq,68.54307438389596,6.939657571614509,69.49044750713557,7.776768732376224,0.9473731232396143,3.789627891503674,h5causal1,Biographic,0.9473731232396143,116
359,Accident_val,BL,SVM-rbf,posthoc-cc3-h5causal1-Accident_val,68.54307438389596,6.939657571614509,65.96557058687996,6.246664139470364,-2.5775037970159898,4.011199424279058,h5causal1,Biographic,2.5775037970159898,31
35,Accident_valFU3,BL,SVM-rbf,posthoc-cc3-h5causal1-Accident_valFU3,68.93054970581103,3.731468072745593,65.41210386593661,5.61644129525248,-3.5184458398744067,2.3287888107395323,h5causal1,Biographic,3.5184458398744067,13
311,Autonomy_freq,BL,SVM-rbf,posthoc-cc3-h5causal1-Autonomy_freq,68.54307438389596,6.939657571614509,64.39351192239512,6.910842151054393,-4.1495624615008335,3.6729080875688527,h5causal1,Biographic,4.1495624615008335,4
239,Autonomy_freqFU3,BL,SVM-rbf,posthoc-cc3-h5causal1-Autonomy_freqFU3,68.93054970581103,3.731468072745593,65.04163954512386,6.032454776042688,-3.8889101606871646,4.212713017703802,h5causal1,Biographic,3.8889101606871646,7
296,Autonomy_val,BL,SVM-rbf,posthoc-cc3-h5causal1-Autonomy_val,68.54307438389596,6.939657571614509,65.9150220767679,6.024274429726651,-2.628052307128048,1.9271827702051798,h5causal1,Biographic,2.628052307128048,30
89,Autonomy_valFU3,BL,SVM-rbf,posthoc-cc3-h5causal1-Autonomy_valFU3,68.93054970581103,3.731468072745593,67.0859657183699,6.2050665526034265,-1.8445839874411285,4.524172987411762,h5causal1,Biographic,1.8445839874411285,51
200,Deviance_freq,BL,SVM-rbf,posthoc-cc3-h5causal1-Deviance_freq,68.54307438389596,6.939657571614509,68.34205589019453,5.950237523576103,-0.20101849370142144,2.7734784852960983,h5causal1,Biographic,0.20101849370142144,100
323,Deviance_freqFU3,BL,SVM-rbf,posthoc-cc3-h5causal1-Deviance_freqFU3,68.93054970581103,3.731468072745593,68.40791757603604,3.4734172813629436,-0.5226321297749803,2.0194031036192603,h5causal1,Biographic,0.5226321297749803,95
263,Deviance_val,BL,SVM-rbf,posthoc-cc3-h5causal1-Deviance_val,68.54307438389596,6.939657571614509,67.31874244711216,6.139044474518707,-1.2243319367837957,3.210965301942999,h5causal1,Biographic,1.2243319367837957,73
224,Deviance_valFU3,BL,SVM-rbf,posthoc-cc3-h5causal1-Deviance_valFU3,68.93054970581103,3.731468072745593,65.30459087950378,3.7757097152773,-3.6259588263072517,3.6955741700177187,h5causal1,Biographic,3.6259588263072517,11
233,Distress_freq,BL,SVM-rbf,posthoc-cc3-h5causal1-Distress_freq,68.54307438389596,6.939657571614509,67.35036465460085,6.153813578908545,-1.192709729295094,1.9179583943590859,h5causal1,Biographic,1.192709729295094,74
29,Distress_freqFU3,BL,SVM-rbf,posthoc-cc3-h5causal1-Distress_freqFU3,68.93054970581103,3.731468072745593,66.45471978660133,3.8895284596448496,-2.4758299192097044,1.6177899877399573,h5causal1,Biographic,2.4758299192097044,34
44,Distress_val,BL,SVM-rbf,posthoc-cc3-h5causal1-Distress_val,68.54307438389596,6.939657571614509,67.04248896161606,7.462572241009998,-1.5005854222798987,3.0088683917958217,h5causal1,Biographic,1.5005854222798987,64
338,Distress_valFU3,BL,SVM-rbf,posthoc-cc3-h5causal1-Distress_valFU3,68.93054970581103,3.731468072745593,67.30113527587393,2.767970261606687,-1.6294144299370927,2.4294815329683717,h5causal1,Biographic,1.6294144299370927,56
284,Family_freq,BL,SVM-rbf,posthoc-cc3-h5causal1-Family_freq,68.54307438389596,6.939657571614509,66.64045197421319,7.8931310886955774,-1.9026224096827526,2.7445725942215695,h5causal1,Biographic,1.9026224096827526,49
110,Family_freqFU3,BL,SVM-rbf,posthoc-cc3-h5causal1-Family_freqFU3,68.93054970581103,3.731468072745593,68.3246384857883,3.053207641171281,-0.6059112200227257,1.8386547470868861,h5causal1,Biographic,0.6059112200227257,92
206,Family_val,BL,SVM-rbf,posthoc-cc3-h5causal1-Family_val,68.54307438389596,6.939657571614509,67.86407858294893,6.1934989105870555,-0.6789958009470243,3.5183315263838826,h5causal1,Biographic,0.6789958009470243,90
344,Family_valFU3,BL,SVM-rbf,posthoc-cc3-h5causal1-Family_valFU3,68.93054970581103,3.731468072745593,65.93186430294445,5.822235717598511,-2.9986854028665855,4.149745794892375,h5causal1,Biographic,2.9986854028665855,17
254,Relocation_freq,BL,SVM-rbf,posthoc-cc3-h5causal1-Relocation_freq,68.54307438389596,6.939657571614509,67.40843666389237,7.3450538085082435,-1.134637720003584,2.4581729295028505,h5causal1,Biographic,1.134637720003584,77
209,Relocation_freqFU3,BL,SVM-rbf,posthoc-cc3-h5causal1-Relocation_freqFU3,68.93054970581103,3.731468072745593,67.28827647381654,2.9841525540453686,-1.6422732319944844,2.861692585634954,h5causal1,Biographic,1.6422732319944844,55
47,Relocation_val,BL,SVM-rbf,posthoc-cc3-h5causal1-Relocation_val,68.54307438389596,6.939657571614509,67.65894567563375,7.613325187833114,-0.8841287082622107,3.5569985549831866,h5causal1,Biographic,0.8841287082622107,84
341,Relocation_valFU3,BL,SVM-rbf,posthoc-cc3-h5causal1-Relocation_valFU3,68.93054970581103,3.731468072745593,68.24526808847365,4.201576690201617,-0.6852816173373744,2.0773741893724926,h5causal1,Biographic,0.6852816173373744,89
347,Sexuality_freq,BL,SVM-rbf,posthoc-cc3-h5causal1-Sexuality_freq,68.54307438389596,6.939657571614509,65.59821222850749,5.39998632104796,-2.9448621553884613,2.271672580959401,h5causal1,Biographic,2.9448621553884613,19
164,Sexuality_freqFU3,BL,SVM-rbf,posthoc-cc3-h5causal1-Sexuality_freqFU3,68.93054970581103,3.731468072745593,66.14574159870328,6.996972384660164,-2.78480810710775,5.269053088696596,h5causal1,Biographic,2.78480810710775,22
143,Sexuality_val,BL,SVM-rbf,posthoc-cc3-h5causal1-Sexuality_val,68.54307438389596,6.939657571614509,68.14997155176873,7.374611527174577,-0.3931028321272234,3.1364176764053933,h5causal1,Biographic,0.3931028321272234,96
53,Sexuality_valFU3,BL,SVM-rbf,posthoc-cc3-h5causal1-Sexuality_valFU3,68.93054970581103,3.731468072745593,66.65160623348775,4.046470473050589,-2.2789434723232693,3.1230625270670704,h5causal1,Biographic,2.2789434723232693,38
101,Total_freq,BL,SVM-rbf,posthoc-cc3-h5causal1-Total_freq,68.54307438389596,6.939657571614509,68.38261225295884,6.657644954454459,-0.16046213093711126,2.2786146608903923,h5causal1,Biographic,0.16046213093711126,101
353,Total_freqFU3,BL,SVM-rbf,posthoc-cc3-h5causal1-Total_freqFU3,68.93054970581103,3.731468072745593,65.92229199372056,5.87107031882978,-3.0082577120904674,3.2879055555648713,h5causal1,Biographic,3.0082577120904674,16
92,Total_val,BL,SVM-rbf,posthoc-cc3-h5causal1-Total_val,68.54307438389596,6.939657571614509,67.03731655593016,5.872412517377916,-1.5057578279657924,2.711872090542685,h5causal1,Biographic,1.5057578279657924,62
251,Total_valFU3,BL,SVM-rbf,posthoc-cc3-h5causal1-Total_valFU3,68.93054970581103,3.731468072745593,66.20705223928222,3.894740929693963,-2.7234974665288125,2.8925020228047633,h5causal1,Biographic,2.7234974665288125,25
287,AnxietyFU3,BL,SVM-rbf,posthoc-cc3-h5causal1-AnxietyFU3,70.92407966445194,4.9031568364261995,68.24781818523795,4.398091279680135,-2.676261479214004,3.1891106615990283,h5causal1,Comorbid,2.676261479214004,28
266,Anxiety_BSIFU3,BL,SVM-rbf,posthoc-cc3-h5causal1-Anxiety_BSIFU3,66.56978985926355,6.011368181785107,66.94090996722576,6.3317689068918686,0.3711201079622195,2.8340397265441424,h5causal1,Comorbid,0.3711201079622195,112
41,Depression_BSIFU3,BL,SVM-rbf,posthoc-cc3-h5causal1-Depression_BSIFU3,66.56978985926355,6.011368181785107,67.45782726045884,4.053596105315552,0.8880374011952852,2.158858933198765,h5causal1,Comorbid,0.8880374011952852,114
335,Depression_CESDFU3,BL,SVM-rbf,posthoc-cc3-h5causal1-Depression_CESDFU3,69.16823014383989,7.1582443975062,68.10506566604127,6.004295194692465,-1.0631644777986171,3.147524585906594,h5causal1,Comorbid,1.0631644777986171,79
23,Depression_K6+FU3,BL,SVM-rbf,posthoc-cc3-h5causal1-Depression_K6+FU3,70.71815326308266,5.260826005111558,67.98713481640313,5.952976489289782,-2.731018446679534,2.9660099026018956,h5causal1,Comorbid,2.731018446679534,24
20,GSI_BSIFU3,BL,SVM-rbf,posthoc-cc3-h5causal1-GSI_BSIFU3,66.56978985926355,6.011368181785107,66.55051089261616,6.655554081608706,-0.01927896664738471,1.8509462078895533,h5causal1,Comorbid,0.01927896664738471,104
155,Hostility_BSIFU3,BL,SVM-rbf,posthoc-cc3-h5causal1-Hostility_BSIFU3,66.56978985926355,6.011368181785107,67.65567765567766,6.209780171048602,1.085887796414109,3.0956849541767006,h5causal1,Comorbid,1.085887796414109,118
17,Interpers_sensitivity_BSIFU3,BL,SVM-rbf,posthoc-cc3-h5causal1-Interpers_sensitivity_BSIFU3,66.56978985926355,6.011368181785107,66.5837671100829,5.889316110790532,0.013977250819352527,2.6070272464471222,h5causal1,Comorbid,0.013977250819352527,107
128,Obsession_compulsion_BSIFU3,BL,SVM-rbf,posthoc-cc3-h5causal1-Obsession_compulsion_BSIFU3,66.56978985926355,6.011368181785107,66.60690187005976,7.068977567533476,0.03711201079621418,3.534999428329818,h5causal1,Comorbid,0.03711201079621418,109
275,Paranoid_ideation_BSIFU3,BL,SVM-rbf,posthoc-cc3-h5causal1-Paranoid_ideation_BSIFU3,66.56978985926355,6.011368181785107,65.98684210526315,5.550508128161894,-0.5829477540003958,3.198481230707907,h5causal1,Comorbid,0.5829477540003958,94
170,Phobic_anxiety_BSIFU3,BL,SVM-rbf,posthoc-cc3-h5causal1-Phobic_anxiety_BSIFU3,66.56978985926355,6.011368181785107,66.33892423366107,7.397561276847779,-0.23086562560247215,3.7660199334325064,h5causal1,Comorbid,0.23086562560247215,99
74,Psychiatric_symptoms_PHQFU3,BL,SVM-rbf,posthoc-cc3-h5causal1-Psychiatric_symptoms_PHQFU3,66.7028743315508,5.041384399138159,64.66728736949324,4.714236637394829,-2.035586962057556,4.84279353028882,h5causal1,Comorbid,2.035586962057556,44
152,Psychotic_experienceFU3,BL,SVM-rbf,posthoc-cc3-h5causal1-Psychotic_experienceFU3,68.30419740721409,5.347478118219576,69.22934681920562,5.325043948993537,0.9251494119915327,3.551857352556837,h5causal1,Comorbid,0.9251494119915327,115
86,Psychoticism_BSIFU3,BL,SVM-rbf,posthoc-cc3-h5causal1-Psychoticism_BSIFU3,66.56978985926355,6.011368181785107,65.83646616541353,7.061182494942433,-0.7333236938500187,1.5925289283660091,h5causal1,Comorbid,0.7333236938500187,87
332,RuminationFU3,BL,SVM-rbf,posthoc-cc3-h5causal1-RuminationFU3,65.02191772868464,6.398735293485239,63.01476019521133,4.740424133940462,-2.007157533473314,5.254454538462908,h5causal1,Comorbid,2.007157533473314,46
245,SomatizationFU3,BL,SVM-rbf,posthoc-cc3-h5causal1-SomatizationFU3,65.02191772868464,6.398735293485239,63.24121113594799,6.601947063408728,-1.7807065927366472,3.2478131320208172,h5causal1,Comorbid,1.7807065927366472,54
104,Somatization_BSIFU3,BL,SVM-rbf,posthoc-cc3-h5causal1-Somatization_BSIFU3,66.56978985926355,6.011368181785107,66.5876229034124,6.716086292777307,0.01783304414884057,1.981856218948327,h5causal1,Comorbid,0.01783304414884057,108
356,StressFU3,BL,SVM-rbf,posthoc-cc3-h5causal1-StressFU3,70.71815326308266,5.260826005111558,69.43037119064078,3.184593402381955,-1.2877820724418787,4.2422774615174355,h5causal1,Comorbid,1.2877820724418787,71
191,Well_beingFU3,BL,SVM-rbf,posthoc-cc3-h5causal1-Well_beingFU3,70.71815326308266,5.260826005111558,68.70668698011445,4.465468185425184,-2.0114662829682106,3.608277128937687,h5causal1,Comorbid,2.0114662829682106,45
197,AUDIT_parent,BL,SVM-rbf,posthoc-cc3-h5causal1-AUDIT_parent,68.98571811463799,5.398870946029556,68.36256078416358,6.1060543320380445,-0.6231573304744109,4.222776912044232,h5causal1,Familial risk,0.6231573304744109,91
83,Conflict_tactics_parent_mean_negotiation,BL,SVM-rbf,posthoc-cc3-h5causal1-Conflict_tactics_parent_mean_negotiation,69.97524298551257,4.924239437016589,69.06290115532734,3.832772721224134,-0.912341830185226,1.9037470613619774,h5causal1,Familial risk,0.912341830185226,83
227,Conflict_tactics_parent_mean_psych_aggr,BL,SVM-rbf,posthoc-cc3-h5causal1-Conflict_tactics_parent_mean_psych_aggr,69.97524298551257,4.924239437016589,66.44966073720887,6.557278181577413,-3.5255822483036936,5.927794249706911,h5causal1,Familial risk,3.5255822483036936,12
146,Drug_abuse_screening_parent,BL,SVM-rbf,posthoc-cc3-h5causal1-Drug_abuse_screening_parent,68.98571811463799,5.398870946029556,67.42256001837885,4.756414980076852,-1.563158096259143,2.7684000908613378,h5causal1,Familial risk,1.563158096259143,57
293,Fam_hist_psych_disorders_parent,BL,SVM-rbf,posthoc-cc3-h5causal1-Fam_hist_psych_disorders_parent,68.93054970581103,3.731468072745593,65.68703654069508,6.183604149260078,-3.243513165115952,3.897570149347339,h5causal1,Familial risk,3.243513165115952,14
98,PBQ_unpres_meds,BL,SVM-rbf,posthoc-cc3-h5causal1-PBQ_unpres_meds,66.45529179413701,3.4841826107491656,63.80939472563219,5.238185575999746,-2.645897068504832,3.532219300872899,h5causal1,Familial risk,2.645897068504832,29
68,Physical_developmet,BL,SVM-rbf,posthoc-cc3-h5causal1-Physical_developmet,69.92276741841202,3.1643693987846366,69.91798126380007,2.6618228305399425,-0.004786154611957638,2.073135691927337,h5causal1,Health,0.004786154611957638,106
50,Physical_health_conditionsFU3,BL,SVM-rbf,posthoc-cc3-h5causal1-Physical_health_conditionsFU3,70.71815326308266,5.260826005111558,67.93401185891558,4.893986679701291,-2.784141404167073,2.90035844422543,h5causal1,Health,2.784141404167073,23
257,QOL_activity_limitation_daysFU3,BL,SVM-rbf,posthoc-cc3-h5causal1-QOL_activity_limitation_daysFU3,70.71815326308266,5.260826005111558,69.32031062647238,4.1883864181748445,-1.3978426366102914,3.744359969471991,h5causal1,Health,1.3978426366102914,70
134,QOL_mentally_unhealthy_daysFU3,BL,SVM-rbf,posthoc-cc3-h5causal1-QOL_mentally_unhealthy_daysFU3,70.71815326308266,5.260826005111558,68.00660187052998,2.9576942359886287,-2.71155139255268,3.321702437385965,h5causal1,Health,2.71155139255268,26
8,QOL_phys_unhealthy_daysFU3,BL,SVM-rbf,posthoc-cc3-h5causal1-QOL_phys_unhealthy_daysFU3,70.71815326308266,5.260826005111558,70.69959725768456,5.115526510401149,-0.018556005398095987,1.9350232826096283,h5causal1,Health,0.018556005398095987,105
80,QOL_self-rated_healthFU3,BL,SVM-rbf,posthoc-cc3-h5causal1-QOL_self-rated_healthFU3,70.71815326308266,5.260826005111558,69.58260449435032,4.4643634401259265,-1.1355487687323418,3.756966840193737,h5causal1,Health,1.1355487687323418,76
236,Agreeableness,BL,SVM-rbf,posthoc-cc3-h5causal1-Agreeableness,68.93054970581103,3.731468072745593,66.55612244897958,4.615071647597622,-2.374427256831446,3.6654497299782927,h5causal1,Personality,2.374427256831446,36
161,AgreeablenessFU3,BL,SVM-rbf,posthoc-cc3-h5causal1-AgreeablenessFU3,69.36510063687766,5.73179059744005,65.63253819351381,4.337904051797952,-3.7325624433638405,3.226786873092703,h5causal1,Personality,3.7325624433638405,9
2,Anxiety_sensitivity,BL,SVM-rbf,posthoc-cc3-h5causal1-Anxiety_sensitivity,69.95248943855216,2.335333349336636,67.39775178364029,1.8585300847413093,-2.554737654911865,2.692301315415078,h5causal1,Personality,2.554737654911865,32
215,Anxiety_sensitivityFU3,BL,SVM-rbf,posthoc-cc3-h5causal1-Anxiety_sensitivityFU3,67.23015660297891,5.931577957200641,64.89291776748223,4.798501660000314,-2.33723883549668,4.780832991267685,h5causal1,Personality,2.33723883549668,37
185,Conscientiousness,BL,SVM-rbf,posthoc-cc3-h5causal1-Conscientiousness,68.93054970581103,3.731468072745593,66.89104159487434,3.4273329899896225,-2.039508110936694,3.1432047090280477,h5causal1,Personality,2.039508110936694,43
350,ConscientiousnessFU3,BL,SVM-rbf,posthoc-cc3-h5causal1-ConscientiousnessFU3,69.36510063687766,5.73179059744005,68.41903740858444,4.227668303053144,-0.9460632282932147,2.172726995493456,h5causal1,Personality,0.9460632282932147,81
38,Extroversion,BL,SVM-rbf,posthoc-cc3-h5causal1-Extroversion,68.93054970581103,3.731468072745593,67.06414085333945,7.014553830351546,-1.8664088524715794,3.4653337451262587,h5causal1,Personality,1.8664088524715794,50
32,ExtroversionFU3,BL,SVM-rbf,posthoc-cc3-h5causal1-ExtroversionFU3,69.36510063687766,5.73179059744005,66.68740666998507,5.294733475669371,-2.6776939668925803,4.250422304438843,h5causal1,Personality,2.6776939668925803,27
11,Hopelessness,BL,SVM-rbf,posthoc-cc3-h5causal1-Hopelessness,69.95248943855216,2.335333349336636,67.94718637924213,3.727914722381903,-2.0053030593100374,2.882771808704074,h5causal1,Personality,2.0053030593100374,47
302,HopelessnessFU3,BL,SVM-rbf,posthoc-cc3-h5causal1-HopelessnessFU3,67.23015660297891,5.931577957200641,68.27609092417455,6.5832367106629,1.0459343211956518,3.116301821885899,h5causal1,Personality,1.0459343211956518,117
260,Impulsivity_BISFU3,BL,SVM-rbf,posthoc-cc3-h5causal1-Impulsivity_BISFU3,70.92407966445194,4.9031568364261995,68.94444130965312,4.725634965727794,-1.9796383547988294,3.2218717300473743,h5causal1,Personality,1.9796383547988294,48
269,Impulsivity_SURPS,BL,SVM-rbf,posthoc-cc3-h5causal1-Impulsivity_SURPS,69.95248943855216,2.335333349336636,67.86496024300901,3.8214359375056843,-2.0875291955431474,3.058426523726872,h5causal1,Personality,2.0875291955431474,40
182,Impulsivity_SURPSFU3,BL,SVM-rbf,posthoc-cc3-h5causal1-Impulsivity_SURPSFU3,67.23015660297891,5.931577957200641,65.71198836007197,6.189772787405622,-1.5181682429069365,3.2157544568383147,h5causal1,Personality,1.5181682429069365,61
242,Negative_affectFU3,BL,SVM-rbf,posthoc-cc3-h5causal1-Negative_affectFU3,70.71815326308266,5.260826005111558,68.67072700513009,5.076363074301217,-2.047426257952578,3.3473055580134665,h5causal1,Personality,2.047426257952578,41
167,Neuroticism,BL,SVM-rbf,posthoc-cc3-h5causal1-Neuroticism,68.93054970581103,3.731468072745593,67.49195926025193,3.6277067655520536,-1.4385904455590959,2.3675678483484703,h5causal1,Personality,1.4385904455590959,68
317,NeuroticismFU3,BL,SVM-rbf,posthoc-cc3-h5causal1-NeuroticismFU3,69.36510063687766,5.73179059744005,67.80545238733391,4.019279930696265,-1.5596482495437325,2.6657273216102273,h5causal1,Personality,1.5596482495437325,58
107,Novelty_seeking,BL,SVM-rbf,posthoc-cc3-h5causal1-Novelty_seeking,68.71705530242116,5.032780374479067,68.35554109073273,6.508425886177468,-0.36151421168842957,3.139821356118224,h5causal1,Personality,0.36151421168842957,98
119,Openness,BL,SVM-rbf,posthoc-cc3-h5causal1-Openness,68.93054970581103,3.731468072745593,67.42610177279167,4.92974689332882,-1.5044479330193594,1.9668918123745573,h5causal1,Personality,1.5044479330193594,63
329,OpennessFU3,BL,SVM-rbf,posthoc-cc3-h5causal1-OpennessFU3,69.36510063687766,5.73179059744005,67.87373485979758,4.384465688709203,-1.491365777080067,3.340338440977559,h5causal1,Personality,1.491365777080067,65
278,Positive_affectFU3,BL,SVM-rbf,posthoc-cc3-h5causal1-Positive_affectFU3,70.71815326308266,5.260826005111558,68.93084023379272,5.413035005876732,-1.7873130292899386,2.803577744557481,h5causal1,Personality,1.7873130292899386,53
281,Sensation_seeking,BL,SVM-rbf,posthoc-cc3-h5causal1-Sensation_seeking,69.95248943855216,2.335333349336636,66.2122531939605,3.629377368036922,-3.740236244591655,3.7940046620630787,h5causal1,Personality,3.740236244591655,8
5,Sensation_seekingFU3,BL,SVM-rbf,posthoc-cc3-h5causal1-Sensation_seekingFU3,67.23015660297891,5.931577957200641,65.18870212250005,3.3161891019909393,-2.041454480478866,2.9362148093116818,h5causal1,Personality,2.041454480478866,42
65,Bullying,BL,SVM-rbf,posthoc-cc3-h5causal1-Bullying,68.93054970581103,3.731468072745593,68.32877053260329,4.841818088386213,-0.6017791732077393,1.9836389498520215,h5causal1,Social,0.6017791732077393,93
158,BullyingFU3,BL,SVM-rbf,posthoc-cc3-h5causal1-BullyingFU3,68.93054970581103,3.731468072745593,68.12966650074664,3.402243317994227,-0.8008832050643844,1.593182774865717,h5causal1,Social,0.8008832050643844,85
140,Bullying_victim,BL,SVM-rbf,posthoc-cc3-h5causal1-Bullying_victim,68.93054970581103,3.731468072745593,69.11414659672499,5.1820065115642855,0.1835968909139618,3.6287505931469135,h5causal1,Social,0.1835968909139618,110
113,Bullying_victimFU3,BL,SVM-rbf,posthoc-cc3-h5causal1-Bullying_victimFU3,68.93054970581103,3.731468072745593,67.45292019246722,4.497387188478663,-1.4776295133438033,1.1347383176979875,h5causal1,Social,1.4776295133438033,66
203,Interpers_perspective_takingFU3,BL,SVM-rbf,posthoc-cc3-h5causal1-Interpers_perspective_takingFU3,65.02191772868464,6.398735293485239,63.900025159423656,4.564538886548982,-1.121892569260985,3.4338416678442347,h5causal1,Social,1.121892569260985,78
230,Prosocial_behavior,BL,SVM-rbf,posthoc-cc3-h5causal1-Prosocial_behavior,68.93054970581103,3.731468072745593,68.0058646347845,4.121160470943649,-0.924685071026532,1.0304056394832157,h5causal1,Social,0.924685071026532,82
299,Prosocial_behaviorFU3,BL,SVM-rbf,posthoc-cc3-h5causal1-Prosocial_behaviorFU3,66.88114517061886,3.8710591319111565,67.08815307499518,5.219338630655785,0.20700790437632177,2.2881313769076446,h5causal1,Social,0.20700790437632177,111
320,Social_difficulties,BL,SVM-rbf,posthoc-cc3-h5causal1-Social_difficulties,68.93054970581103,3.731468072745593,66.39805171599598,4.6617402920224125,-2.5324979898150524,3.3991553754281325,h5causal1,Social,2.5324979898150524,33
173,Social_difficultiesFU3,BL,SVM-rbf,posthoc-cc3-h5causal1-Social_difficultiesFU3,66.88114517061886,3.8710591319111565,64.71057451320608,5.244454651837942,-2.1705706574127737,2.8474237099131097,h5causal1,Social,2.1705706574127737,39
95,Social_difficulties_impact,BL,SVM-rbf,posthoc-cc3-h5causal1-Social_difficulties_impact,68.93054970581103,3.731468072745593,67.10756722951844,5.481248058178187,-1.8229824762925895,2.9186671194446943,h5causal1,Social,1.8229824762925895,52
131,Social_difficulties_impactFU3,BL,SVM-rbf,posthoc-cc3-h5causal1-Social_difficulties_impactFU3,66.88114517061886,3.8710591319111565,65.88972431077694,6.62205488766386,-0.9914208598419183,4.251750295863975,h5causal1,Social,0.9914208598419183,80
290,UrbanicityFU3,BL,SVM-rbf,posthoc-cc3-h5causal1-UrbanicityFU3,70.92407966445194,4.9031568364261995,67.99658621224731,2.4192192699010007,-2.9274934522046325,3.2352584849588832,h5causal1,Social,2.9274934522046325,21
